<?xml version="1.0" encoding="UTF-8"?>


<Configuration monitorInterval="60">
	
	<!-- Définition de propriétés pour réutilisation -->
	<Properties>
		<Property name="filename">target/banque</Property>	
	</Properties>

	<!-- 
		 Les Appenders permettent de spécifier la destination des messages. 
	     Leurs Layout, spécifient le format des messages 
	-->
	<Appenders>
		<Console name="sysout">
			<PatternLayout pattern="%d{DEFAULT} [%t] %5level (%logger) - %msg %n" />
			<ThresholdFilter level="DEBUG" onMatch="ACCEPT" onMismatch="DENY" />
		</Console>
		
		<!-- 
				target/banque-2019-09-29.log
				Le format du filePattern qui détermine la fréquence de rotation.
		 -->
		<RollingFile name="file" fileName="${filename}.log" 
				  filePattern="${filename}-%d{yyyy-MM-dd}.log">
			<PatternLayout pattern="%d{DEFAULT} [%t] %5level (%logger) - %msg %n" />
			<ThresholdFilter level="INFO" onMatch="ACCEPT" onMismatch="DENY" />
			<Policies>
				<TimeBasedTriggeringPolicy />	
			</Policies>
		</RollingFile>
	</Appenders>

	<Loggers>
		
		<Logger name="org.hibernate" level="info" additivity="false">
			<AppenderRef ref="sysout" />
			<AppenderRef ref="file" />
		</Logger> 
		
		<Root level="info">
			<AppenderRef ref="sysout" />
			<AppenderRef ref="file" />
		</Root>
		
	</Loggers>

</Configuration>