<?xml version="1.0" encoding="UTF-8"?>
<beans 
	xmlns="http://www.springframework.org/schema/beans"
	xmlns:xsi="http://www.w3.org/2001/XMLSchema-instance"
	xsi:schemaLocation="
		http://www.springframework.org/schema/beans 
		http://www.springframework.org/schema/beans/spring-beans.xsd	
">

	<bean id="banqueService" class="fr.formation.banque.metier.BanqueServiceImpl">
		<property name="compteDAO" ref="compteDAO" />
		<property name="clientDAO" ref="clientDAO" />
	</bean>
	
	<bean id="hibernateStatistics" class="fr.formation.banque.util.HibernateStatistics">
		<property name="sessionFactory" ref="sessionFactory" />
	</bean>
	
	<bean id="jmxExporter" class="org.springframework.jmx.export.MBeanExporter">
		<property name="beans">
			<map>
				<entry key="Hibernate:application=Statistics" 
					   value-ref="hibernateStatistics"	
				/>
			</map>
		</property>
	</bean>

</beans>

