<?xml version="1.0" encoding="UTF-8"?>
<beans 
	xmlns="http://www.springframework.org/schema/beans"
	xmlns:tx="http://www.springframework.org/schema/tx"
	xmlns:xsi="http://www.w3.org/2001/XMLSchema-instance"
	xsi:schemaLocation="
		http://www.springframework.org/schema/beans 
		http://www.springframework.org/schema/beans/spring-beans.xsd
		http://www.springframework.org/schema/tx 
		http://www.springframework.org/schema/tx/spring-tx.xsd
">

	<!-- Configuration de la SessionFactory -->
	<bean id="sessionFactory" class="org.springframework.orm.hibernate5.LocalSessionFactoryBean">
		<property name="configLocation">
			<value>/WEB-INF/hibernate.cfg.xml</value>
		</property>	  
	</bean>
	
	<!-- Déclaration du gestionnaire transactionnel d'Hibernate -->
	<bean id="transactionManager"
		  class="org.springframework.orm.hibernate5.HibernateTransactionManager">
		<property name="sessionFactory" ref="sessionFactory" />	  
	</bean>
	
	<!-- Activation des annotations de transaction -->
	<tx:annotation-driven transaction-manager="transactionManager" />
	
	<!-- Déclaration des DAO Hibernate -->
	<bean id="clientDAO" class="fr.formation.banque.integration.dao.HibernateClientDAO">
		<property name="sessionFactory" ref="sessionFactory" />
	</bean>
	
	<bean id="compteDAO" class="fr.formation.banque.integration.dao.HibernateCompteDAO">
		<property name="sessionFactory" ref="sessionFactory" />
	</bean>
	
</beans>
