<?xml version='1.0' encoding='utf-8'?>

<!DOCTYPE hibernate-configuration PUBLIC
	"-//Hibernate/Hibernate Configuration DTD 3.0//EN"
	"http://www.hibernate.org/dtd/hibernate-configuration-3.0.dtd">

<hibernate-configuration>

	<session-factory>

		<property name="hibernate.connection.driver_class">com.mysql.jdbc.Driver</property>
		<property name="hibernate.connection.url">jdbc:mysql://localhost:3306/banque</property>			
		<property name="hibernate.connection.username">root</property>
		<property name="hibernate.connection.password"></property>
		
		<property name="hibernate.c3p0.max_size">20</property>
		<property name="hibernate.c3p0.min_size">5</property>
		
		<property name="show_sql">true</property>
		<property name="hibernate.dialect">org.hibernate.dialect.MySQL5InnoDBDialect</property>
		
		<property name="hibernate.cache.use_second_level_cache">true</property>
		<property name="hibernate.cache.region.factory_class">
			org.hibernate.cache.ehcache.EhCacheRegionFactory
		</property>
		
		<property name="hibernate.generate_statistics">false</property>
		
		<mapping class="fr.formation.banque.integration.entity.Client" />
		<mapping class="fr.formation.banque.integration.entity.Compte" />
		
	</session-factory>

</hibernate-configuration>